Name,Age,Place,Pain Points,His/Her Goal
Alice Smith,34,New York,"Time management, balancing work and family",Improve work-life balance
John Doe,28,Los Angeles,"Career advancement, student loan debt",Achieve financial stability and career growth
Maria Garcia,45,Miami,"Health issues, lack of physical activity",Improve health and fitness
David Lee,22,San Francisco,"Finding first job, building professional network",Secure a stable job and develop career skills
Sarah Johnson,38,Chicago,"Work stress, insufficient family time",Reduce stress and spend more time with family
Michael Brown,50,Boston,"Preparing for retirement, managing expenses",Plan a secure and enjoyable retirement
Emily Davis,30,Seattle,"Finding affordable housing, work commute",Purchase a home closer to work
Chris Wilson,41,Denver,"Career stagnation, professional growth",Achieve a promotion and gain new skills
Jessica Martinez,27,Austin,"Work-life balance, social isolation",Develop a strong social circle and balance work and leisure
Robert Taylor,60,Phoenix,"Health maintenance, staying active",Maintain good health and stay active in community
